CO2,datetime,temp_air,f_start,f_fluxid,f_end,atm_press
395.2395,2026-01-17T11:33:10Z,24.12,2026-01-17T11:33:10Z,1,2026-01-17T11:36:10Z,0.985528947368421
397.26151,2026-01-17T11:33:11Z,24.18,2026-01-17T11:33:10Z,1,2026-01-17T11:36:10Z,0.985528947368421
395.07971,2026-01-17T11:33:12Z,24.24,2026-01-17T11:33:10Z,1,2026-01-17T11:36:10Z,0.985528947368421
392.51459,2026-01-17T11:33:13Z,24.3,2026-01-17T11:33:10Z,1,2026-01-17T11:36:10Z,0.985528947368421
392.78473,2026-01-17T11:33:14Z,24.36,2026-01-17T11:33:10Z,1,2026-01-17T11:36:10Z,0.985528947368421
391.09998,2026-01-17T11:33:15Z,24.42,2026-01-17T11:33:10Z,1,2026-01-17T11:36:10Z,0.985528947368421
392.91238,2026-01-17T11:33:16Z,24.49,2026-01-17T11:33:10Z,1,2026-01-17T11:36:10Z,0.985528947368421
391.17123,2026-01-17T11:33:17Z,24.56,2026-01-17T11:33:10Z,1,2026-01-17T11:36:10Z,0.985528947368421
394.13306,2026-01-17T11:33:18Z,24.63,2026-01-17T11:33:10Z,1,2026-01-17T11:36:10Z,0.985528947368421
395.93738,2026-01-17T11:33:19Z,24.7,2026-01-17T11:33:10Z,1,2026-01-17T11:36:10Z,0.985528947368421
388.39783,2026-01-17T11:33:20Z,24.78,2026-01-17T11:33:10Z,1,2026-01-17T11:36:10Z,0.985528947368421
386.50763,2026-01-17T11:33:21Z,24.86,2026-01-17T11:33:10Z,1,2026-01-17T11:36:10Z,0.985528947368421
390.76627,2026-01-17T11:33:22Z,24.94,2026-01-17T11:33:10Z,1,2026-01-17T11:36:10Z,0.985528947368421
391.28836,2026-01-17T11:33:23Z,25.03,2026-01-17T11:33:10Z,1,2026-01-17T11:36:10Z,0.985528947368421
392.56302,2026-01-17T11:33:24Z,25.11,2026-01-17T11:33:10Z,1,2026-01-17T11:36:10Z,0.985528947368421
391.86029,2026-01-17T11:33:25Z,25.19,2026-01-17T11:33:10Z,1,2026-01-17T11:36:10Z,0.985528947368421
391.09503,2026-01-17T11:33:26Z,25.28,2026-01-17T11:33:10Z,1,2026-01-17T11:36:10Z,0.985528947368421
387.11911,2026-01-17T11:33:27Z,25.36,2026-01-17T11:33:10Z,1,2026-01-17T11:36:10Z,0.985528947368421
384.92078,2026-01-17T11:33:28Z,25.45,2026-01-17T11:33:10Z,1,2026-01-17T11:36:10Z,0.985528947368421
383.81635,2026-01-17T11:33:29Z,25.53,2026-01-17T11:33:10Z,1,2026-01-17T11:36:10Z,0.985528947368421
380.57718,2026-01-17T11:33:30Z,25.62,2026-01-17T11:33:10Z,1,2026-01-17T11:36:10Z,0.985528947368421
379.41757,2026-01-17T11:33:31Z,25.71,2026-01-17T11:33:10Z,1,2026-01-17T11:36:10Z,0.985528947368421
381.55307,2026-01-17T11:33:32Z,25.8,2026-01-17T11:33:10Z,1,2026-01-17T11:36:10Z,0.985528947368421
385.63962,2026-01-17T11:33:33Z,25.89,2026-01-17T11:33:10Z,1,2026-01-17T11:36:10Z,0.985528947368421
383.43967,2026-01-17T11:33:34Z,25.97,2026-01-17T11:33:10Z,1,2026-01-17T11:36:10Z,0.985528947368421
382.80637,2026-01-17T11:33:35Z,26.06,2026-01-17T11:33:10Z,1,2026-01-17T11:36:10Z,0.985528947368421
379.99808,2026-01-17T11:33:36Z,26.14,2026-01-17T11:33:10Z,1,2026-01-17T11:36:10Z,0.985528947368421
378.42346,2026-01-17T11:33:37Z,26.23,2026-01-17T11:33:10Z,1,2026-01-17T11:36:10Z,0.985528947368421
376.42419,2026-01-17T11:33:38Z,26.32,2026-01-17T11:33:10Z,1,2026-01-17T11:36:10Z,0.985528947368421
377.90121,2026-01-17T11:33:39Z,26.4,2026-01-17T11:33:10Z,1,2026-01-17T11:36:10Z,0.985528947368421
376.84427,2026-01-17T11:33:40Z,26.48,2026-01-17T11:33:10Z,1,2026-01-17T11:36:10Z,0.985528947368421
377.12363,2026-01-17T11:33:41Z,26.56,2026-01-17T11:33:10Z,1,2026-01-17T11:36:10Z,0.985528947368421
376.97916,2026-01-17T11:33:42Z,26.64,2026-01-17T11:33:10Z,1,2026-01-17T11:36:10Z,0.985528947368421
374.0809,2026-01-17T11:33:43Z,26.73,2026-01-17T11:33:10Z,1,2026-01-17T11:36:10Z,0.985528947368421
374.86737,2026-01-17T11:33:44Z,26.81,2026-01-17T11:33:10Z,1,2026-01-17T11:36:10Z,0.985528947368421
374.88474,2026-01-17T11:33:45Z,26.89,2026-01-17T11:33:10Z,1,2026-01-17T11:36:10Z,0.985528947368421
374.08615,2026-01-17T11:33:46Z,26.97,2026-01-17T11:33:10Z,1,2026-01-17T11:36:10Z,0.985528947368421
372.59369,2026-01-17T11:33:47Z,27.03,2026-01-17T11:33:10Z,1,2026-01-17T11:36:10Z,0.985528947368421
377.4227,2026-01-17T11:33:48Z,27.12,2026-01-17T11:33:10Z,1,2026-01-17T11:36:10Z,0.985528947368421
381.49176,2026-01-17T11:33:49Z,27.19,2026-01-17T11:33:10Z,1,2026-01-17T11:36:10Z,0.985528947368421
382.04062,2026-01-17T11:33:50Z,27.26,2026-01-17T11:33:10Z,1,2026-01-17T11:36:10Z,0.985528947368421
380.41882,2026-01-17T11:33:51Z,27.33,2026-01-17T11:33:10Z,1,2026-01-17T11:36:10Z,0.985528947368421
379.28339,2026-01-17T11:33:52Z,27.41,2026-01-17T11:33:10Z,1,2026-01-17T11:36:10Z,0.985528947368421
380.11365,2026-01-17T11:33:53Z,27.48,2026-01-17T11:33:10Z,1,2026-01-17T11:36:10Z,0.985528947368421
381.04623,2026-01-17T11:33:54Z,27.54,2026-01-17T11:33:10Z,1,2026-01-17T11:36:10Z,0.985528947368421
381.42676,2026-01-17T11:33:55Z,27.61,2026-01-17T11:33:10Z,1,2026-01-17T11:36:10Z,0.985528947368421
387.41974,2026-01-17T11:33:56Z,27.68,2026-01-17T11:33:10Z,1,2026-01-17T11:36:10Z,0.985528947368421
390.60968,2026-01-17T11:33:57Z,27.74,2026-01-17T11:33:10Z,1,2026-01-17T11:36:10Z,0.985528947368421
389.80673,2026-01-17T11:33:58Z,27.82,2026-01-17T11:33:10Z,1,2026-01-17T11:36:10Z,0.985528947368421
386.19055,2026-01-17T11:33:59Z,27.88,2026-01-17T11:33:10Z,1,2026-01-17T11:36:10Z,0.985528947368421
385.04501,2026-01-17T11:34:00Z,27.95,2026-01-17T11:33:10Z,1,2026-01-17T11:36:10Z,0.985528947368421
386.36462,2026-01-17T11:34:01Z,28.01,2026-01-17T11:33:10Z,1,2026-01-17T11:36:10Z,0.985528947368421
384.65494,2026-01-17T11:34:02Z,28.08,2026-01-17T11:33:10Z,1,2026-01-17T11:36:10Z,0.985528947368421
379.03311,2026-01-17T11:34:03Z,28.14,2026-01-17T11:33:10Z,1,2026-01-17T11:36:10Z,0.985528947368421
371.45303,2026-01-17T11:34:04Z,28.2,2026-01-17T11:33:10Z,1,2026-01-17T11:36:10Z,0.985528947368421
368.97006,2026-01-17T11:34:05Z,28.26,2026-01-17T11:33:10Z,1,2026-01-17T11:36:10Z,0.985528947368421
367.81549,2026-01-17T11:34:06Z,28.32,2026-01-17T11:33:10Z,1,2026-01-17T11:36:10Z,0.985528947368421
370.38669,2026-01-17T11:34:07Z,28.38,2026-01-17T11:33:10Z,1,2026-01-17T11:36:10Z,0.985528947368421
374.47534,2026-01-17T11:34:08Z,28.44,2026-01-17T11:33:10Z,1,2026-01-17T11:36:10Z,0.985528947368421
374.28979,2026-01-17T11:34:09Z,28.5,2026-01-17T11:33:10Z,1,2026-01-17T11:36:10Z,0.985528947368421
372.59509,2026-01-17T11:34:10Z,28.55,2026-01-17T11:33:10Z,1,2026-01-17T11:36:10Z,0.985528947368421
370.77673,2026-01-17T11:34:11Z,28.6,2026-01-17T11:33:10Z,1,2026-01-17T11:36:10Z,0.985528947368421
374.28784,2026-01-17T11:34:12Z,28.65,2026-01-17T11:33:10Z,1,2026-01-17T11:36:10Z,0.985528947368421
373.27908,2026-01-17T11:34:13Z,28.71,2026-01-17T11:33:10Z,1,2026-01-17T11:36:10Z,0.985528947368421
369.64954,2026-01-17T11:34:14Z,28.76,2026-01-17T11:33:10Z,1,2026-01-17T11:36:10Z,0.985528947368421
370.84235,2026-01-17T11:34:15Z,28.81,2026-01-17T11:33:10Z,1,2026-01-17T11:36:10Z,0.985528947368421
367.02026,2026-01-17T11:34:16Z,28.86,2026-01-17T11:33:10Z,1,2026-01-17T11:36:10Z,0.985528947368421
372.30154,2026-01-17T11:34:17Z,28.91,2026-01-17T11:33:10Z,1,2026-01-17T11:36:10Z,0.985528947368421
380.3147,2026-01-17T11:34:18Z,28.96,2026-01-17T11:33:10Z,1,2026-01-17T11:36:10Z,0.985528947368421
377.06122,2026-01-17T11:34:19Z,29.01,2026-01-17T11:33:10Z,1,2026-01-17T11:36:10Z,0.985528947368421
376.6882,2026-01-17T11:34:20Z,29.06,2026-01-17T11:33:10Z,1,2026-01-17T11:36:10Z,0.985528947368421
377.74716,2026-01-17T11:34:21Z,29.11,2026-01-17T11:33:10Z,1,2026-01-17T11:36:10Z,0.985528947368421
376.06479,2026-01-17T11:34:22Z,29.16,2026-01-17T11:33:10Z,1,2026-01-17T11:36:10Z,0.985528947368421
375.45728,2026-01-17T11:34:23Z,29.21,2026-01-17T11:33:10Z,1,2026-01-17T11:36:10Z,0.985528947368421
376.75562,2026-01-17T11:34:24Z,29.27,2026-01-17T11:33:10Z,1,2026-01-17T11:36:10Z,0.985528947368421
385.04868,2026-01-17T11:34:25Z,29.32,2026-01-17T11:33:10Z,1,2026-01-17T11:36:10Z,0.985528947368421
379.58344,2026-01-17T11:34:26Z,29.37,2026-01-17T11:33:10Z,1,2026-01-17T11:36:10Z,0.985528947368421
370.05997,2026-01-17T11:34:27Z,29.42,2026-01-17T11:33:10Z,1,2026-01-17T11:36:10Z,0.985528947368421
369.68387,2026-01-17T11:34:28Z,29.46,2026-01-17T11:33:10Z,1,2026-01-17T11:36:10Z,0.985528947368421
373.49261,2026-01-17T11:34:29Z,29.51,2026-01-17T11:33:10Z,1,2026-01-17T11:36:10Z,0.985528947368421
373.01993,2026-01-17T11:34:30Z,29.56,2026-01-17T11:33:10Z,1,2026-01-17T11:36:10Z,0.985528947368421
375.25952,2026-01-17T11:34:31Z,29.61,2026-01-17T11:33:10Z,1,2026-01-17T11:36:10Z,0.985528947368421
374.13321,2026-01-17T11:34:32Z,29.65,2026-01-17T11:33:10Z,1,2026-01-17T11:36:10Z,0.985528947368421
375.87994,2026-01-17T11:34:33Z,29.7,2026-01-17T11:33:10Z,1,2026-01-17T11:36:10Z,0.985528947368421
379.70871,2026-01-17T11:34:34Z,29.75,2026-01-17T11:33:10Z,1,2026-01-17T11:36:10Z,0.985528947368421
381.37143,2026-01-17T11:34:35Z,29.8,2026-01-17T11:33:10Z,1,2026-01-17T11:36:10Z,0.985528947368421
379.47278,2026-01-17T11:34:36Z,29.84,2026-01-17T11:33:10Z,1,2026-01-17T11:36:10Z,0.985528947368421
377.70071,2026-01-17T11:34:37Z,29.88,2026-01-17T11:33:10Z,1,2026-01-17T11:36:10Z,0.985528947368421
379.11087,2026-01-17T11:34:38Z,29.93,2026-01-17T11:33:10Z,1,2026-01-17T11:36:10Z,0.985528947368421
379.29526,2026-01-17T11:34:39Z,29.97,2026-01-17T11:33:10Z,1,2026-01-17T11:36:10Z,0.985528947368421
381.53995,2026-01-17T11:34:40Z,30.01,2026-01-17T11:33:10Z,1,2026-01-17T11:36:10Z,0.985528947368421
381.81427,2026-01-17T11:34:41Z,30.06,2026-01-17T11:33:10Z,1,2026-01-17T11:36:10Z,0.985528947368421
380.93552,2026-01-17T11:34:42Z,30.1,2026-01-17T11:33:10Z,1,2026-01-17T11:36:10Z,0.985528947368421
377.3266,2026-01-17T11:34:43Z,30.14,2026-01-17T11:33:10Z,1,2026-01-17T11:36:10Z,0.985528947368421
373.50793,2026-01-17T11:34:44Z,30.18,2026-01-17T11:33:10Z,1,2026-01-17T11:36:10Z,0.985528947368421
372.3642,2026-01-17T11:34:45Z,30.23,2026-01-17T11:33:10Z,1,2026-01-17T11:36:10Z,0.985528947368421
374.37256,2026-01-17T11:34:46Z,30.27,2026-01-17T11:33:10Z,1,2026-01-17T11:36:10Z,0.985528947368421
373.87531,2026-01-17T11:34:47Z,30.31,2026-01-17T11:33:10Z,1,2026-01-17T11:36:10Z,0.985528947368421
375.46835,2026-01-17T11:34:48Z,30.35,2026-01-17T11:33:10Z,1,2026-01-17T11:36:10Z,0.985528947368421
378.68353,2026-01-17T11:34:49Z,30.39,2026-01-17T11:33:10Z,1,2026-01-17T11:36:10Z,0.985528947368421
376.31473,2026-01-17T11:34:50Z,30.43,2026-01-17T11:33:10Z,1,2026-01-17T11:36:10Z,0.985528947368421
373.97656,2026-01-17T11:34:51Z,30.47,2026-01-17T11:33:10Z,1,2026-01-17T11:36:10Z,0.985528947368421
377.17242,2026-01-17T11:34:52Z,30.51,2026-01-17T11:33:10Z,1,2026-01-17T11:36:10Z,0.985528947368421
377.66696,2026-01-17T11:34:53Z,30.55,2026-01-17T11:33:10Z,1,2026-01-17T11:36:10Z,0.985528947368421
375.63882,2026-01-17T11:34:54Z,30.59,2026-01-17T11:33:10Z,1,2026-01-17T11:36:10Z,0.985528947368421
378.83789,2026-01-17T11:34:55Z,30.63,2026-01-17T11:33:10Z,1,2026-01-17T11:36:10Z,0.985528947368421
379.42453,2026-01-17T11:34:56Z,30.67,2026-01-17T11:33:10Z,1,2026-01-17T11:36:10Z,0.985528947368421
380.37241,2026-01-17T11:34:57Z,30.71,2026-01-17T11:33:10Z,1,2026-01-17T11:36:10Z,0.985528947368421
380.47021,2026-01-17T11:34:58Z,30.75,2026-01-17T11:33:10Z,1,2026-01-17T11:36:10Z,0.985528947368421
380.98996,2026-01-17T11:34:59Z,30.79,2026-01-17T11:33:10Z,1,2026-01-17T11:36:10Z,0.985528947368421
386.83682,2026-01-17T11:35:00Z,30.82,2026-01-17T11:33:10Z,1,2026-01-17T11:36:10Z,0.985528947368421
390.17905,2026-01-17T11:35:01Z,30.86,2026-01-17T11:33:10Z,1,2026-01-17T11:36:10Z,0.985528947368421
391.77213,2026-01-17T11:35:02Z,30.91,2026-01-17T11:33:10Z,1,2026-01-17T11:36:10Z,0.985528947368421
384.23508,2026-01-17T11:35:03Z,30.95,2026-01-17T11:33:10Z,1,2026-01-17T11:36:10Z,0.985528947368421
384.67838,2026-01-17T11:35:04Z,30.98,2026-01-17T11:33:10Z,1,2026-01-17T11:36:10Z,0.985528947368421
387.05939,2026-01-17T11:35:05Z,31.02,2026-01-17T11:33:10Z,1,2026-01-17T11:36:10Z,0.985528947368421
387.37491,2026-01-17T11:35:06Z,31.06,2026-01-17T11:33:10Z,1,2026-01-17T11:36:10Z,0.985528947368421
386.0737,2026-01-17T11:35:07Z,31.09,2026-01-17T11:33:10Z,1,2026-01-17T11:36:10Z,0.985528947368421
390.26907,2026-01-17T11:35:08Z,31.12,2026-01-17T11:33:10Z,1,2026-01-17T11:36:10Z,0.985528947368421
385.51752,2026-01-17T11:35:09Z,31.15,2026-01-17T11:33:10Z,1,2026-01-17T11:36:10Z,0.985528947368421
374.37921,2026-01-17T11:35:10Z,31.18,2026-01-17T11:33:10Z,1,2026-01-17T11:36:10Z,0.985528947368421
371.66931,2026-01-17T11:35:11Z,31.2,2026-01-17T11:33:10Z,1,2026-01-17T11:36:10Z,0.985528947368421
372.21088,2026-01-17T11:35:12Z,31.22,2026-01-17T11:33:10Z,1,2026-01-17T11:36:10Z,0.985528947368421
376.63947,2026-01-17T11:35:13Z,31.23,2026-01-17T11:33:10Z,1,2026-01-17T11:36:10Z,0.985528947368421
375.61459,2026-01-17T11:35:14Z,31.24,2026-01-17T11:33:10Z,1,2026-01-17T11:36:10Z,0.985528947368421
375.80405,2026-01-17T11:35:15Z,31.25,2026-01-17T11:33:10Z,1,2026-01-17T11:36:10Z,0.985528947368421
370.38718,2026-01-17T11:35:16Z,31.25,2026-01-17T11:33:10Z,1,2026-01-17T11:36:10Z,0.985528947368421
369.71103,2026-01-17T11:35:17Z,31.26,2026-01-17T11:33:10Z,1,2026-01-17T11:36:10Z,0.985528947368421
379.11694,2026-01-17T11:35:18Z,31.26,2026-01-17T11:33:10Z,1,2026-01-17T11:36:10Z,0.985528947368421
387.69473,2026-01-17T11:35:19Z,31.25,2026-01-17T11:33:10Z,1,2026-01-17T11:36:10Z,0.985528947368421
379.12354,2026-01-17T11:35:20Z,31.25,2026-01-17T11:33:10Z,1,2026-01-17T11:36:10Z,0.985528947368421
375.60254,2026-01-17T11:35:21Z,31.25,2026-01-17T11:33:10Z,1,2026-01-17T11:36:10Z,0.985528947368421
381.59982,2026-01-17T11:35:22Z,31.24,2026-01-17T11:33:10Z,1,2026-01-17T11:36:10Z,0.985528947368421
387.30435,2026-01-17T11:35:23Z,31.23,2026-01-17T11:33:10Z,1,2026-01-17T11:36:10Z,0.985528947368421
383.1777,2026-01-17T11:35:24Z,31.23,2026-01-17T11:33:10Z,1,2026-01-17T11:36:10Z,0.985528947368421
390.5148,2026-01-17T11:35:25Z,31.21,2026-01-17T11:33:10Z,1,2026-01-17T11:36:10Z,0.985528947368421
401.88129,2026-01-17T11:35:26Z,31.2,2026-01-17T11:33:10Z,1,2026-01-17T11:36:10Z,0.985528947368421
410.95856,2026-01-17T11:35:27Z,31.18,2026-01-17T11:33:10Z,1,2026-01-17T11:36:10Z,0.985528947368421
418.46158,2026-01-17T11:35:28Z,31.16,2026-01-17T11:33:10Z,1,2026-01-17T11:36:10Z,0.985528947368421
412.95395,2026-01-17T11:35:29Z,31.15,2026-01-17T11:33:10Z,1,2026-01-17T11:36:10Z,0.985528947368421
401.85303,2026-01-17T11:35:30Z,31.13,2026-01-17T11:33:10Z,1,2026-01-17T11:36:10Z,0.985528947368421
390.42215,2026-01-17T11:35:31Z,31.12,2026-01-17T11:33:10Z,1,2026-01-17T11:36:10Z,0.985528947368421
386.39169,2026-01-17T11:35:32Z,31.1,2026-01-17T11:33:10Z,1,2026-01-17T11:36:10Z,0.985528947368421
373.65121,2026-01-17T11:35:33Z,31.09,2026-01-17T11:33:10Z,1,2026-01-17T11:36:10Z,0.985528947368421
355.56949,2026-01-17T11:35:34Z,31.08,2026-01-17T11:33:10Z,1,2026-01-17T11:36:10Z,0.985528947368421
349.55832,2026-01-17T11:35:35Z,31.06,2026-01-17T11:33:10Z,1,2026-01-17T11:36:10Z,0.985528947368421
348.41092,2026-01-17T11:35:36Z,31.03,2026-01-17T11:33:10Z,1,2026-01-17T11:36:10Z,0.985528947368421
357.28482,2026-01-17T11:35:37Z,31.02,2026-01-17T11:33:10Z,1,2026-01-17T11:36:10Z,0.985528947368421
375.2984,2026-01-17T11:35:38Z,30.99,2026-01-17T11:33:10Z,1,2026-01-17T11:36:10Z,0.985528947368421
361.47385,2026-01-17T11:35:39Z,30.97,2026-01-17T11:33:10Z,1,2026-01-17T11:36:10Z,0.985528947368421
361.76184,2026-01-17T11:35:40Z,30.94,2026-01-17T11:33:10Z,1,2026-01-17T11:36:10Z,0.985528947368421
360.9057,2026-01-17T11:35:41Z,30.93,2026-01-17T11:33:10Z,1,2026-01-17T11:36:10Z,0.985528947368421
359.1011,2026-01-17T11:35:42Z,30.91,2026-01-17T11:33:10Z,1,2026-01-17T11:36:10Z,0.985528947368421
363.87735,2026-01-17T11:35:43Z,30.89,2026-01-17T11:33:10Z,1,2026-01-17T11:36:10Z,0.985528947368421
370.18924,2026-01-17T11:35:44Z,30.87,2026-01-17T11:33:10Z,1,2026-01-17T11:36:10Z,0.985528947368421
375.27209,2026-01-17T11:35:45Z,30.86,2026-01-17T11:33:10Z,1,2026-01-17T11:36:10Z,0.985528947368421
384.85535,2026-01-17T11:35:46Z,30.84,2026-01-17T11:33:10Z,1,2026-01-17T11:36:10Z,0.985528947368421
391.85516,2026-01-17T11:35:47Z,30.82,2026-01-17T11:33:10Z,1,2026-01-17T11:36:10Z,0.985528947368421
391.93057,2026-01-17T11:35:48Z,30.8,2026-01-17T11:33:10Z,1,2026-01-17T11:36:10Z,0.985528947368421
392.81561,2026-01-17T11:35:49Z,30.79,2026-01-17T11:33:10Z,1,2026-01-17T11:36:10Z,0.985528947368421
399.15869,2026-01-17T11:35:50Z,30.77,2026-01-17T11:33:10Z,1,2026-01-17T11:36:10Z,0.985528947368421
399.63461,2026-01-17T11:35:51Z,30.75,2026-01-17T11:33:10Z,1,2026-01-17T11:36:10Z,0.985528947368421
389.09375,2026-01-17T11:35:52Z,30.74,2026-01-17T11:33:10Z,1,2026-01-17T11:36:10Z,0.985528947368421
395.89288,2026-01-17T11:35:53Z,30.72,2026-01-17T11:33:10Z,1,2026-01-17T11:36:10Z,0.985528947368421
400.87762,2026-01-17T11:35:54Z,30.7,2026-01-17T11:33:10Z,1,2026-01-17T11:36:10Z,0.985528947368421
399.27737,2026-01-17T11:35:55Z,30.67,2026-01-17T11:33:10Z,1,2026-01-17T11:36:10Z,0.985528947368421
399.30493,2026-01-17T11:35:56Z,30.66,2026-01-17T11:33:10Z,1,2026-01-17T11:36:10Z,0.985528947368421
386.93768,2026-01-17T11:35:57Z,30.64,2026-01-17T11:33:10Z,1,2026-01-17T11:36:10Z,0.985528947368421
376.63507,2026-01-17T11:35:58Z,30.62,2026-01-17T11:33:10Z,1,2026-01-17T11:36:10Z,0.985528947368421
372.76709,2026-01-17T11:35:59Z,30.59,2026-01-17T11:33:10Z,1,2026-01-17T11:36:10Z,0.985528947368421
376.52963,2026-01-17T11:36:00Z,30.57,2026-01-17T11:33:10Z,1,2026-01-17T11:36:10Z,0.985528947368421
384.54575,2026-01-17T11:36:01Z,30.55,2026-01-17T11:33:10Z,1,2026-01-17T11:36:10Z,0.985528947368421
381.11066,2026-01-17T11:36:02Z,30.53,2026-01-17T11:33:10Z,1,2026-01-17T11:36:10Z,0.985528947368421
373.62646,2026-01-17T11:36:03Z,30.5,2026-01-17T11:33:10Z,1,2026-01-17T11:36:10Z,0.985528947368421
378.75897,2026-01-17T11:36:04Z,30.48,2026-01-17T11:33:10Z,1,2026-01-17T11:36:10Z,0.985528947368421
379.96439,2026-01-17T11:36:05Z,30.46,2026-01-17T11:33:10Z,1,2026-01-17T11:36:10Z,0.985528947368421
373.70212,2026-01-17T11:36:06Z,30.45,2026-01-17T11:33:10Z,1,2026-01-17T11:36:10Z,0.985528947368421
379.03897,2026-01-17T11:36:07Z,30.42,2026-01-17T11:33:10Z,1,2026-01-17T11:36:10Z,0.985528947368421
383.80511,2026-01-17T11:36:08Z,30.4,2026-01-17T11:33:10Z,1,2026-01-17T11:36:10Z,0.985528947368421
385.5159,2026-01-17T11:36:09Z,30.38,2026-01-17T11:33:10Z,1,2026-01-17T11:36:10Z,0.985528947368421
388.52484,2026-01-17T11:41:20Z,18.59,2026-01-17T11:41:20Z,2,2026-01-17T11:44:20Z,0.985528947368421
392.60724,2026-01-17T11:41:21Z,18.62,2026-01-17T11:41:20Z,2,2026-01-17T11:44:20Z,0.985528947368421
395.93839,2026-01-17T11:41:22Z,18.62,2026-01-17T11:41:20Z,2,2026-01-17T11:44:20Z,0.985528947368421
397.17957,2026-01-17T11:41:23Z,18.63,2026-01-17T11:41:20Z,2,2026-01-17T11:44:20Z,0.985528947368421
398.60782,2026-01-17T11:41:24Z,18.65,2026-01-17T11:41:20Z,2,2026-01-17T11:44:20Z,0.985528947368421
397.27866,2026-01-17T11:41:25Z,18.66,2026-01-17T11:41:20Z,2,2026-01-17T11:44:20Z,0.985528947368421
399.60239,2026-01-17T11:41:26Z,18.67,2026-01-17T11:41:20Z,2,2026-01-17T11:44:20Z,0.985528947368421
400.21152,2026-01-17T11:41:27Z,18.69,2026-01-17T11:41:20Z,2,2026-01-17T11:44:20Z,0.985528947368421
398.48422,2026-01-17T11:41:28Z,18.7,2026-01-17T11:41:20Z,2,2026-01-17T11:44:20Z,0.985528947368421
395.95468,2026-01-17T11:41:29Z,18.72,2026-01-17T11:41:20Z,2,2026-01-17T11:44:20Z,0.985528947368421
401.82138,2026-01-17T11:41:30Z,18.73,2026-01-17T11:41:20Z,2,2026-01-17T11:44:20Z,0.985528947368421
399.80209,2026-01-17T11:41:31Z,18.75,2026-01-17T11:41:20Z,2,2026-01-17T11:44:20Z,0.985528947368421
397.90042,2026-01-17T11:41:32Z,18.77,2026-01-17T11:41:20Z,2,2026-01-17T11:44:20Z,0.985528947368421
404.09012,2026-01-17T11:41:33Z,18.79,2026-01-17T11:41:20Z,2,2026-01-17T11:44:20Z,0.985528947368421
399.3407,2026-01-17T11:41:34Z,18.81,2026-01-17T11:41:20Z,2,2026-01-17T11:44:20Z,0.985528947368421
392.71371,2026-01-17T11:41:35Z,18.83,2026-01-17T11:41:20Z,2,2026-01-17T11:44:20Z,0.985528947368421
390.02179,2026-01-17T11:41:36Z,18.84,2026-01-17T11:41:20Z,2,2026-01-17T11:44:20Z,0.985528947368421
394.17194,2026-01-17T11:41:37Z,18.86,2026-01-17T11:41:20Z,2,2026-01-17T11:44:20Z,0.985528947368421
395.85144,2026-01-17T11:41:38Z,18.88,2026-01-17T11:41:20Z,2,2026-01-17T11:44:20Z,0.985528947368421
392.24338,2026-01-17T11:41:39Z,18.91,2026-01-17T11:41:20Z,2,2026-01-17T11:44:20Z,0.985528947368421
384.76248,2026-01-17T11:41:40Z,18.92,2026-01-17T11:41:20Z,2,2026-01-17T11:44:20Z,0.985528947368421
383.65948,2026-01-17T11:41:41Z,18.95,2026-01-17T11:41:20Z,2,2026-01-17T11:44:20Z,0.985528947368421
378.76773,2026-01-17T11:41:42Z,18.97,2026-01-17T11:41:20Z,2,2026-01-17T11:44:20Z,0.985528947368421
389.06903,2026-01-17T11:41:43Z,19,2026-01-17T11:41:20Z,2,2026-01-17T11:44:20Z,0.985528947368421
387.11847,2026-01-17T11:41:44Z,19.02,2026-01-17T11:41:20Z,2,2026-01-17T11:44:20Z,0.985528947368421
382.08005000000003,2026-01-17T11:41:45Z,19.04,2026-01-17T11:41:20Z,2,2026-01-17T11:44:20Z,0.985528947368421
380.54572,2026-01-17T11:41:46Z,19.07,2026-01-17T11:41:20Z,2,2026-01-17T11:44:20Z,0.985528947368421
380.52896,2026-01-17T11:41:47Z,19.09,2026-01-17T11:41:20Z,2,2026-01-17T11:44:20Z,0.985528947368421
386.11121,2026-01-17T11:41:48Z,19.12,2026-01-17T11:41:20Z,2,2026-01-17T11:44:20Z,0.985528947368421
385.73828,2026-01-17T11:41:49Z,19.14,2026-01-17T11:41:20Z,2,2026-01-17T11:44:20Z,0.985528947368421
378.33942,2026-01-17T11:41:50Z,19.18,2026-01-17T11:41:20Z,2,2026-01-17T11:44:20Z,0.985528947368421
373.05814,2026-01-17T11:41:51Z,19.2,2026-01-17T11:41:20Z,2,2026-01-17T11:44:20Z,0.985528947368421
373.76556,2026-01-17T11:41:52Z,19.23,2026-01-17T11:41:20Z,2,2026-01-17T11:44:20Z,0.985528947368421
371.62775,2026-01-17T11:41:53Z,19.26,2026-01-17T11:41:20Z,2,2026-01-17T11:44:20Z,0.985528947368421
367.81851,2026-01-17T11:41:54Z,19.28,2026-01-17T11:41:20Z,2,2026-01-17T11:44:20Z,0.985528947368421
368.59561,2026-01-17T11:41:55Z,19.32,2026-01-17T11:41:20Z,2,2026-01-17T11:44:20Z,0.985528947368421
379.48615,2026-01-17T11:41:56Z,19.35,2026-01-17T11:41:20Z,2,2026-01-17T11:44:20Z,0.985528947368421
375.8526,2026-01-17T11:41:57Z,19.38,2026-01-17T11:41:20Z,2,2026-01-17T11:44:20Z,0.985528947368421
379.89807,2026-01-17T11:41:58Z,19.4,2026-01-17T11:41:20Z,2,2026-01-17T11:44:20Z,0.985528947368421
381.21338,2026-01-17T11:41:59Z,19.44,2026-01-17T11:41:20Z,2,2026-01-17T11:44:20Z,0.985528947368421
382.5954,2026-01-17T11:42:00Z,19.46,2026-01-17T11:41:20Z,2,2026-01-17T11:44:20Z,0.985528947368421
377.65292,2026-01-17T11:42:01Z,19.49,2026-01-17T11:41:20Z,2,2026-01-17T11:44:20Z,0.985528947368421
382.10287,2026-01-17T11:42:02Z,19.52,2026-01-17T11:41:20Z,2,2026-01-17T11:44:20Z,0.985528947368421
386.67773,2026-01-17T11:42:03Z,19.55,2026-01-17T11:41:20Z,2,2026-01-17T11:44:20Z,0.985528947368421
387.77744,2026-01-17T11:42:04Z,19.58,2026-01-17T11:41:20Z,2,2026-01-17T11:44:20Z,0.985528947368421
390.0271,2026-01-17T11:42:05Z,19.6,2026-01-17T11:41:20Z,2,2026-01-17T11:44:20Z,0.985528947368421
387.57645,2026-01-17T11:42:06Z,19.64,2026-01-17T11:41:20Z,2,2026-01-17T11:44:20Z,0.985528947368421
387.65515,2026-01-17T11:42:07Z,19.66,2026-01-17T11:41:20Z,2,2026-01-17T11:44:20Z,0.985528947368421
388.15784,2026-01-17T11:42:08Z,19.7,2026-01-17T11:41:20Z,2,2026-01-17T11:44:20Z,0.985528947368421
389.02344,2026-01-17T11:42:09Z,19.73,2026-01-17T11:41:20Z,2,2026-01-17T11:44:20Z,0.985528947368421
392.64325,2026-01-17T11:42:10Z,19.76,2026-01-17T11:41:20Z,2,2026-01-17T11:44:20Z,0.985528947368421
392.50027,2026-01-17T11:42:11Z,19.78,2026-01-17T11:41:20Z,2,2026-01-17T11:44:20Z,0.985528947368421
395.50064,2026-01-17T11:42:12Z,19.8,2026-01-17T11:41:20Z,2,2026-01-17T11:44:20Z,0.985528947368421
397.98929,2026-01-17T11:42:13Z,19.84,2026-01-17T11:41:20Z,2,2026-01-17T11:44:20Z,0.985528947368421
397.5434,2026-01-17T11:42:14Z,19.87,2026-01-17T11:41:20Z,2,2026-01-17T11:44:20Z,0.985528947368421
393.28452,2026-01-17T11:42:15Z,19.9,2026-01-17T11:41:20Z,2,2026-01-17T11:44:20Z,0.985528947368421
387.3284,2026-01-17T11:42:16Z,19.92,2026-01-17T11:41:20Z,2,2026-01-17T11:44:20Z,0.985528947368421
390.94037,2026-01-17T11:42:17Z,19.96,2026-01-17T11:41:20Z,2,2026-01-17T11:44:20Z,0.985528947368421
391.66019,2026-01-17T11:42:18Z,19.99,2026-01-17T11:41:20Z,2,2026-01-17T11:44:20Z,0.985528947368421
390.24103,2026-01-17T11:42:19Z,20.01,2026-01-17T11:41:20Z,2,2026-01-17T11:44:20Z,0.985528947368421
394.61111,2026-01-17T11:42:20Z,20.04,2026-01-17T11:41:20Z,2,2026-01-17T11:44:20Z,0.985528947368421
394.77875,2026-01-17T11:42:21Z,20.05,2026-01-17T11:41:20Z,2,2026-01-17T11:44:20Z,0.985528947368421
394.00494,2026-01-17T11:42:22Z,20.09,2026-01-17T11:41:20Z,2,2026-01-17T11:44:20Z,0.985528947368421
396.39813,2026-01-17T11:42:23Z,20.12,2026-01-17T11:41:20Z,2,2026-01-17T11:44:20Z,0.985528947368421
399.02844,2026-01-17T11:42:24Z,20.14,2026-01-17T11:41:20Z,2,2026-01-17T11:44:20Z,0.985528947368421
396.63104,2026-01-17T11:42:25Z,20.17,2026-01-17T11:41:20Z,2,2026-01-17T11:44:20Z,0.985528947368421
399.66107,2026-01-17T11:42:26Z,20.2,2026-01-17T11:41:20Z,2,2026-01-17T11:44:20Z,0.985528947368421
396.14835,2026-01-17T11:42:27Z,20.23,2026-01-17T11:41:20Z,2,2026-01-17T11:44:20Z,0.985528947368421
392.21301,2026-01-17T11:42:28Z,20.26,2026-01-17T11:41:20Z,2,2026-01-17T11:44:20Z,0.985528947368421
396.61768,2026-01-17T11:42:29Z,20.28,2026-01-17T11:41:20Z,2,2026-01-17T11:44:20Z,0.985528947368421
391.83698,2026-01-17T11:42:30Z,20.31,2026-01-17T11:41:20Z,2,2026-01-17T11:44:20Z,0.985528947368421
386.24875,2026-01-17T11:42:31Z,20.34,2026-01-17T11:41:20Z,2,2026-01-17T11:44:20Z,0.985528947368421
378.49179,2026-01-17T11:42:32Z,20.36,2026-01-17T11:41:20Z,2,2026-01-17T11:44:20Z,0.985528947368421
374.25262,2026-01-17T11:42:33Z,20.39,2026-01-17T11:41:20Z,2,2026-01-17T11:44:20Z,0.985528947368421
379.41211,2026-01-17T11:42:34Z,20.43,2026-01-17T11:41:20Z,2,2026-01-17T11:44:20Z,0.985528947368421
381.34903,2026-01-17T11:42:35Z,20.45,2026-01-17T11:41:20Z,2,2026-01-17T11:44:20Z,0.985528947368421
381.8533,2026-01-17T11:42:36Z,20.48,2026-01-17T11:41:20Z,2,2026-01-17T11:44:20Z,0.985528947368421
382.92673,2026-01-17T11:42:37Z,20.5,2026-01-17T11:41:20Z,2,2026-01-17T11:44:20Z,0.985528947368421
379.63913,2026-01-17T11:42:38Z,20.53,2026-01-17T11:41:20Z,2,2026-01-17T11:44:20Z,0.985528947368421
381.94559,2026-01-17T11:42:39Z,20.56,2026-01-17T11:41:20Z,2,2026-01-17T11:44:20Z,0.985528947368421
388.24573,2026-01-17T11:42:40Z,20.58,2026-01-17T11:41:20Z,2,2026-01-17T11:44:20Z,0.985528947368421
388.5477,2026-01-17T11:42:41Z,20.61,2026-01-17T11:41:20Z,2,2026-01-17T11:44:20Z,0.985528947368421
384.1908,2026-01-17T11:42:42Z,20.64,2026-01-17T11:41:20Z,2,2026-01-17T11:44:20Z,0.985528947368421
382.73221,2026-01-17T11:42:43Z,20.66,2026-01-17T11:41:20Z,2,2026-01-17T11:44:20Z,0.985528947368421
384.0192,2026-01-17T11:42:44Z,20.69,2026-01-17T11:41:20Z,2,2026-01-17T11:44:20Z,0.985528947368421
391.65784,2026-01-17T11:42:45Z,20.71,2026-01-17T11:41:20Z,2,2026-01-17T11:44:20Z,0.985528947368421
382.61484,2026-01-17T11:42:46Z,20.74,2026-01-17T11:41:20Z,2,2026-01-17T11:44:20Z,0.985528947368421
384.6969,2026-01-17T11:42:47Z,20.77,2026-01-17T11:41:20Z,2,2026-01-17T11:44:20Z,0.985528947368421
390.81177,2026-01-17T11:42:48Z,20.79,2026-01-17T11:41:20Z,2,2026-01-17T11:44:20Z,0.985528947368421
395.97479,2026-01-17T11:42:49Z,20.81,2026-01-17T11:41:20Z,2,2026-01-17T11:44:20Z,0.985528947368421
396.18585,2026-01-17T11:42:50Z,20.84,2026-01-17T11:41:20Z,2,2026-01-17T11:44:20Z,0.985528947368421
396.31903,2026-01-17T11:42:51Z,20.86,2026-01-17T11:41:20Z,2,2026-01-17T11:44:20Z,0.985528947368421
396.17902,2026-01-17T11:42:52Z,20.89,2026-01-17T11:41:20Z,2,2026-01-17T11:44:20Z,0.985528947368421
393.28116,2026-01-17T11:42:53Z,20.91,2026-01-17T11:41:20Z,2,2026-01-17T11:44:20Z,0.985528947368421
395.49609,2026-01-17T11:42:54Z,20.93,2026-01-17T11:41:20Z,2,2026-01-17T11:44:20Z,0.985528947368421
399.58627,2026-01-17T11:42:55Z,20.96,2026-01-17T11:41:20Z,2,2026-01-17T11:44:20Z,0.985528947368421
403.34644,2026-01-17T11:42:56Z,20.98,2026-01-17T11:41:20Z,2,2026-01-17T11:44:20Z,0.985528947368421
399.06784,2026-01-17T11:42:57Z,21.01,2026-01-17T11:41:20Z,2,2026-01-17T11:44:20Z,0.985528947368421
401.8183,2026-01-17T11:42:58Z,21.03,2026-01-17T11:41:20Z,2,2026-01-17T11:44:20Z,0.985528947368421
407.76538,2026-01-17T11:42:59Z,21.06,2026-01-17T11:41:20Z,2,2026-01-17T11:44:20Z,0.985528947368421
398.31122,2026-01-17T11:43:00Z,21.08,2026-01-17T11:41:20Z,2,2026-01-17T11:44:20Z,0.985528947368421
400.17209,2026-01-17T11:43:01Z,21.11,2026-01-17T11:41:20Z,2,2026-01-17T11:44:20Z,0.985528947368421
395.86969,2026-01-17T11:43:02Z,21.14,2026-01-17T11:41:20Z,2,2026-01-17T11:44:20Z,0.985528947368421
398.28134,2026-01-17T11:43:03Z,21.16,2026-01-17T11:41:20Z,2,2026-01-17T11:44:20Z,0.985528947368421
396.90112,2026-01-17T11:43:04Z,21.18,2026-01-17T11:41:20Z,2,2026-01-17T11:44:20Z,0.985528947368421
392.04837,2026-01-17T11:43:05Z,21.2,2026-01-17T11:41:20Z,2,2026-01-17T11:44:20Z,0.985528947368421
394.95953,2026-01-17T11:43:06Z,21.23,2026-01-17T11:41:20Z,2,2026-01-17T11:44:20Z,0.985528947368421
390.30215,2026-01-17T11:43:07Z,21.25,2026-01-17T11:41:20Z,2,2026-01-17T11:44:20Z,0.985528947368421
390.68073,2026-01-17T11:43:08Z,21.27,2026-01-17T11:41:20Z,2,2026-01-17T11:44:20Z,0.985528947368421
391.49048,2026-01-17T11:43:09Z,21.3,2026-01-17T11:41:20Z,2,2026-01-17T11:44:20Z,0.985528947368421
391.62167,2026-01-17T11:43:10Z,21.32,2026-01-17T11:41:20Z,2,2026-01-17T11:44:20Z,0.985528947368421
381.12564,2026-01-17T11:43:11Z,21.34,2026-01-17T11:41:20Z,2,2026-01-17T11:44:20Z,0.985528947368421
379.26505,2026-01-17T11:43:12Z,21.37,2026-01-17T11:41:20Z,2,2026-01-17T11:44:20Z,0.985528947368421
379.97586,2026-01-17T11:43:13Z,21.39,2026-01-17T11:41:20Z,2,2026-01-17T11:44:20Z,0.985528947368421
378.95908,2026-01-17T11:43:14Z,21.41,2026-01-17T11:41:20Z,2,2026-01-17T11:44:20Z,0.985528947368421
386.74496,2026-01-17T11:43:15Z,21.44,2026-01-17T11:41:20Z,2,2026-01-17T11:44:20Z,0.985528947368421
390.06992,2026-01-17T11:43:16Z,21.45,2026-01-17T11:41:20Z,2,2026-01-17T11:44:20Z,0.985528947368421
390.0387,2026-01-17T11:43:17Z,21.48,2026-01-17T11:41:20Z,2,2026-01-17T11:44:20Z,0.985528947368421
380.11603,2026-01-17T11:43:18Z,21.5,2026-01-17T11:41:20Z,2,2026-01-17T11:44:20Z,0.985528947368421
383.23083,2026-01-17T11:43:19Z,21.53,2026-01-17T11:41:20Z,2,2026-01-17T11:44:20Z,0.985528947368421
388.72083,2026-01-17T11:43:20Z,21.55,2026-01-17T11:41:20Z,2,2026-01-17T11:44:20Z,0.985528947368421
394.56915,2026-01-17T11:43:21Z,21.56,2026-01-17T11:41:20Z,2,2026-01-17T11:44:20Z,0.985528947368421
400.2764,2026-01-17T11:43:22Z,21.59,2026-01-17T11:41:20Z,2,2026-01-17T11:44:20Z,0.985528947368421
401.24463,2026-01-17T11:43:23Z,21.62,2026-01-17T11:41:20Z,2,2026-01-17T11:44:20Z,0.985528947368421
404.4292,2026-01-17T11:43:24Z,21.63,2026-01-17T11:41:20Z,2,2026-01-17T11:44:20Z,0.985528947368421
407.91748,2026-01-17T11:43:25Z,21.66,2026-01-17T11:41:20Z,2,2026-01-17T11:44:20Z,0.985528947368421
403.66776,2026-01-17T11:43:26Z,21.67,2026-01-17T11:41:20Z,2,2026-01-17T11:44:20Z,0.985528947368421
404.10419,2026-01-17T11:43:27Z,21.69,2026-01-17T11:41:20Z,2,2026-01-17T11:44:20Z,0.985528947368421
403.54416,2026-01-17T11:43:28Z,21.71,2026-01-17T11:41:20Z,2,2026-01-17T11:44:20Z,0.985528947368421
394.6564,2026-01-17T11:43:29Z,21.74,2026-01-17T11:41:20Z,2,2026-01-17T11:44:20Z,0.985528947368421
389.19247,2026-01-17T11:43:30Z,21.75,2026-01-17T11:41:20Z,2,2026-01-17T11:44:20Z,0.985528947368421
393.4068,2026-01-17T11:43:31Z,21.77,2026-01-17T11:41:20Z,2,2026-01-17T11:44:20Z,0.985528947368421
405.87997,2026-01-17T11:43:32Z,21.79,2026-01-17T11:41:20Z,2,2026-01-17T11:44:20Z,0.985528947368421
405.5195,2026-01-17T11:43:33Z,21.81,2026-01-17T11:41:20Z,2,2026-01-17T11:44:20Z,0.985528947368421
408.65216,2026-01-17T11:43:34Z,21.83,2026-01-17T11:41:20Z,2,2026-01-17T11:44:20Z,0.985528947368421
406.71924,2026-01-17T11:43:35Z,21.85,2026-01-17T11:41:20Z,2,2026-01-17T11:44:20Z,0.985528947368421
399.7963,2026-01-17T11:43:36Z,21.86,2026-01-17T11:41:20Z,2,2026-01-17T11:44:20Z,0.985528947368421
401.81677,2026-01-17T11:43:37Z,21.88,2026-01-17T11:41:20Z,2,2026-01-17T11:44:20Z,0.985528947368421
402.4104,2026-01-17T11:43:38Z,21.9,2026-01-17T11:41:20Z,2,2026-01-17T11:44:20Z,0.985528947368421
397.00723,2026-01-17T11:43:39Z,21.92,2026-01-17T11:41:20Z,2,2026-01-17T11:44:20Z,0.985528947368421
403.0697,2026-01-17T11:43:40Z,21.94,2026-01-17T11:41:20Z,2,2026-01-17T11:44:20Z,0.985528947368421
400.37997,2026-01-17T11:43:41Z,21.96,2026-01-17T11:41:20Z,2,2026-01-17T11:44:20Z,0.985528947368421
397.74136,2026-01-17T11:43:42Z,21.97,2026-01-17T11:41:20Z,2,2026-01-17T11:44:20Z,0.985528947368421
398.61938,2026-01-17T11:43:43Z,21.99,2026-01-17T11:41:20Z,2,2026-01-17T11:44:20Z,0.985528947368421
403.11575,2026-01-17T11:43:44Z,22.01,2026-01-17T11:41:20Z,2,2026-01-17T11:44:20Z,0.985528947368421
401.47763,2026-01-17T11:43:45Z,22.03,2026-01-17T11:41:20Z,2,2026-01-17T11:44:20Z,0.985528947368421
398.23633,2026-01-17T11:43:46Z,22.05,2026-01-17T11:41:20Z,2,2026-01-17T11:44:20Z,0.985528947368421
398.55975,2026-01-17T11:43:47Z,22.06,2026-01-17T11:41:20Z,2,2026-01-17T11:44:20Z,0.985528947368421
397.56921,2026-01-17T11:43:48Z,22.08,2026-01-17T11:41:20Z,2,2026-01-17T11:44:20Z,0.985528947368421
410.99854,2026-01-17T11:43:49Z,22.1,2026-01-17T11:41:20Z,2,2026-01-17T11:44:20Z,0.985528947368421
412.89777,2026-01-17T11:43:50Z,22.11,2026-01-17T11:41:20Z,2,2026-01-17T11:44:20Z,0.985528947368421
411.8107,2026-01-17T11:43:51Z,22.13,2026-01-17T11:41:20Z,2,2026-01-17T11:44:20Z,0.985528947368421
406.15799,2026-01-17T11:43:52Z,22.14,2026-01-17T11:41:20Z,2,2026-01-17T11:44:20Z,0.985528947368421
405.04425,2026-01-17T11:43:53Z,22.16,2026-01-17T11:41:20Z,2,2026-01-17T11:44:20Z,0.985528947368421
403.60312,2026-01-17T11:43:54Z,22.17,2026-01-17T11:41:20Z,2,2026-01-17T11:44:20Z,0.985528947368421
396.73462,2026-01-17T11:43:55Z,22.19,2026-01-17T11:41:20Z,2,2026-01-17T11:44:20Z,0.985528947368421
400.07092,2026-01-17T11:43:56Z,22.21,2026-01-17T11:41:20Z,2,2026-01-17T11:44:20Z,0.985528947368421
407.94989,2026-01-17T11:43:57Z,22.22,2026-01-17T11:41:20Z,2,2026-01-17T11:44:20Z,0.985528947368421
399.28436,2026-01-17T11:43:58Z,22.24,2026-01-17T11:41:20Z,2,2026-01-17T11:44:20Z,0.985528947368421
402.3378,2026-01-17T11:43:59Z,22.25,2026-01-17T11:41:20Z,2,2026-01-17T11:44:20Z,0.985528947368421
400.78458,2026-01-17T11:44:00Z,22.27,2026-01-17T11:41:20Z,2,2026-01-17T11:44:20Z,0.985528947368421
411.24698,2026-01-17T11:44:01Z,22.28,2026-01-17T11:41:20Z,2,2026-01-17T11:44:20Z,0.985528947368421
430.33005000000003,2026-01-17T11:44:02Z,22.3,2026-01-17T11:41:20Z,2,2026-01-17T11:44:20Z,0.985528947368421
438.1601,2026-01-17T11:44:03Z,22.31,2026-01-17T11:41:20Z,2,2026-01-17T11:44:20Z,0.985528947368421
428.91202,2026-01-17T11:44:04Z,22.33,2026-01-17T11:41:20Z,2,2026-01-17T11:44:20Z,0.985528947368421
423.68335,2026-01-17T11:44:05Z,22.34,2026-01-17T11:41:20Z,2,2026-01-17T11:44:20Z,0.985528947368421
416.95776,2026-01-17T11:44:06Z,22.35,2026-01-17T11:41:20Z,2,2026-01-17T11:44:20Z,0.985528947368421
414.21072,2026-01-17T11:44:07Z,22.36,2026-01-17T11:41:20Z,2,2026-01-17T11:44:20Z,0.985528947368421
408.55188,2026-01-17T11:44:08Z,22.38,2026-01-17T11:41:20Z,2,2026-01-17T11:44:20Z,0.985528947368421
409.01172,2026-01-17T11:44:09Z,22.4,2026-01-17T11:41:20Z,2,2026-01-17T11:44:20Z,0.985528947368421
410.65146,2026-01-17T11:44:10Z,22.41,2026-01-17T11:41:20Z,2,2026-01-17T11:44:20Z,0.985528947368421
409.65768,2026-01-17T11:44:11Z,22.42,2026-01-17T11:41:20Z,2,2026-01-17T11:44:20Z,0.985528947368421
409.43643,2026-01-17T11:44:12Z,22.44,2026-01-17T11:41:20Z,2,2026-01-17T11:44:20Z,0.985528947368421
406.25897,2026-01-17T11:44:13Z,22.44,2026-01-17T11:41:20Z,2,2026-01-17T11:44:20Z,0.985528947368421
404.64435,2026-01-17T11:44:14Z,22.44,2026-01-17T11:41:20Z,2,2026-01-17T11:44:20Z,0.985528947368421
408.43964,2026-01-17T11:44:15Z,22.45,2026-01-17T11:41:20Z,2,2026-01-17T11:44:20Z,0.985528947368421
408.93124,2026-01-17T11:44:16Z,22.47,2026-01-17T11:41:20Z,2,2026-01-17T11:44:20Z,0.985528947368421
401.76761,2026-01-17T11:44:17Z,22.49,2026-01-17T11:41:20Z,2,2026-01-17T11:44:20Z,0.985528947368421
399.02658,2026-01-17T11:44:18Z,22.49,2026-01-17T11:41:20Z,2,2026-01-17T11:44:20Z,0.985528947368421
404.72324,2026-01-17T11:44:19Z,22.49,2026-01-17T11:41:20Z,2,2026-01-17T11:44:20Z,0.985528947368421
425.28909,2026-01-17T11:45:30Z,20.24,2026-01-17T11:45:30Z,3,2026-01-17T11:48:30Z,0.985528947368421
416.34268,2026-01-17T11:45:31Z,20.25,2026-01-17T11:45:30Z,3,2026-01-17T11:48:30Z,0.985528947368421
404.06073,2026-01-17T11:45:32Z,20.27,2026-01-17T11:45:30Z,3,2026-01-17T11:48:30Z,0.985528947368421
402.34711,2026-01-17T11:45:33Z,20.28,2026-01-17T11:45:30Z,3,2026-01-17T11:48:30Z,0.985528947368421
399.47678,2026-01-17T11:45:34Z,20.29,2026-01-17T11:45:30Z,3,2026-01-17T11:48:30Z,0.985528947368421
399.0809,2026-01-17T11:45:35Z,20.3,2026-01-17T11:45:30Z,3,2026-01-17T11:48:30Z,0.985528947368421
399.53967,2026-01-17T11:45:36Z,20.32,2026-01-17T11:45:30Z,3,2026-01-17T11:48:30Z,0.985528947368421
407.1965,2026-01-17T11:45:37Z,20.33,2026-01-17T11:45:30Z,3,2026-01-17T11:48:30Z,0.985528947368421
418.40903,2026-01-17T11:45:38Z,20.34,2026-01-17T11:45:30Z,3,2026-01-17T11:48:30Z,0.985528947368421
408.06769,2026-01-17T11:45:39Z,20.36,2026-01-17T11:45:30Z,3,2026-01-17T11:48:30Z,0.985528947368421
397.07263,2026-01-17T11:45:40Z,20.38,2026-01-17T11:45:30Z,3,2026-01-17T11:48:30Z,0.985528947368421
396.38947,2026-01-17T11:45:41Z,20.39,2026-01-17T11:45:30Z,3,2026-01-17T11:48:30Z,0.985528947368421
395.89859,2026-01-17T11:45:42Z,20.4,2026-01-17T11:45:30Z,3,2026-01-17T11:48:30Z,0.985528947368421
397.0679,2026-01-17T11:45:43Z,20.43,2026-01-17T11:45:30Z,3,2026-01-17T11:48:30Z,0.985528947368421
397.68512,2026-01-17T11:45:44Z,20.45,2026-01-17T11:45:30Z,3,2026-01-17T11:48:30Z,0.985528947368421
394.62201,2026-01-17T11:45:45Z,20.47,2026-01-17T11:45:30Z,3,2026-01-17T11:48:30Z,0.985528947368421
394.82224,2026-01-17T11:45:46Z,20.48,2026-01-17T11:45:30Z,3,2026-01-17T11:48:30Z,0.985528947368421
393.41782,2026-01-17T11:45:47Z,20.5,2026-01-17T11:45:30Z,3,2026-01-17T11:48:30Z,0.985528947368421
394.65833,2026-01-17T11:45:48Z,20.52,2026-01-17T11:45:30Z,3,2026-01-17T11:48:30Z,0.985528947368421
397.92282,2026-01-17T11:45:49Z,20.54,2026-01-17T11:45:30Z,3,2026-01-17T11:48:30Z,0.985528947368421
400.77869,2026-01-17T11:45:50Z,20.56,2026-01-17T11:45:30Z,3,2026-01-17T11:48:30Z,0.985528947368421
400.75745,2026-01-17T11:45:51Z,20.58,2026-01-17T11:45:30Z,3,2026-01-17T11:48:30Z,0.985528947368421
400.1496,2026-01-17T11:45:52Z,20.59,2026-01-17T11:45:30Z,3,2026-01-17T11:48:30Z,0.985528947368421
399.10983,2026-01-17T11:45:53Z,20.61,2026-01-17T11:45:30Z,3,2026-01-17T11:48:30Z,0.985528947368421
397.35684,2026-01-17T11:45:54Z,20.64,2026-01-17T11:45:30Z,3,2026-01-17T11:48:30Z,0.985528947368421
399.4303,2026-01-17T11:45:55Z,20.65,2026-01-17T11:45:30Z,3,2026-01-17T11:48:30Z,0.985528947368421
399.70316,2026-01-17T11:45:56Z,20.67,2026-01-17T11:45:30Z,3,2026-01-17T11:48:30Z,0.985528947368421
399.71521,2026-01-17T11:45:57Z,20.69,2026-01-17T11:45:30Z,3,2026-01-17T11:48:30Z,0.985528947368421
398.70624,2026-01-17T11:45:58Z,20.71,2026-01-17T11:45:30Z,3,2026-01-17T11:48:30Z,0.985528947368421
398.884,2026-01-17T11:45:59Z,20.72,2026-01-17T11:45:30Z,3,2026-01-17T11:48:30Z,0.985528947368421
399.91409,2026-01-17T11:46:00Z,20.74,2026-01-17T11:45:30Z,3,2026-01-17T11:48:30Z,0.985528947368421
397.54636,2026-01-17T11:46:01Z,20.76,2026-01-17T11:45:30Z,3,2026-01-17T11:48:30Z,0.985528947368421
399.04709,2026-01-17T11:46:02Z,20.79,2026-01-17T11:45:30Z,3,2026-01-17T11:48:30Z,0.985528947368421
399.66473,2026-01-17T11:46:03Z,20.81,2026-01-17T11:45:30Z,3,2026-01-17T11:48:30Z,0.985528947368421
399.91003,2026-01-17T11:46:04Z,20.83,2026-01-17T11:45:30Z,3,2026-01-17T11:48:30Z,0.985528947368421
401.07095,2026-01-17T11:46:05Z,20.85,2026-01-17T11:45:30Z,3,2026-01-17T11:48:30Z,0.985528947368421
401.12717,2026-01-17T11:46:06Z,20.87,2026-01-17T11:45:30Z,3,2026-01-17T11:48:30Z,0.985528947368421
401.51941,2026-01-17T11:46:07Z,20.89,2026-01-17T11:45:30Z,3,2026-01-17T11:48:30Z,0.985528947368421
396.9382,2026-01-17T11:46:08Z,20.9,2026-01-17T11:45:30Z,3,2026-01-17T11:48:30Z,0.985528947368421
397.55865,2026-01-17T11:46:09Z,20.92,2026-01-17T11:45:30Z,3,2026-01-17T11:48:30Z,0.985528947368421
401.23279,2026-01-17T11:46:10Z,20.94,2026-01-17T11:45:30Z,3,2026-01-17T11:48:30Z,0.985528947368421
397.60312,2026-01-17T11:46:11Z,20.96,2026-01-17T11:45:30Z,3,2026-01-17T11:48:30Z,0.985528947368421
397.94449,2026-01-17T11:46:12Z,20.98,2026-01-17T11:45:30Z,3,2026-01-17T11:48:30Z,0.985528947368421
397.39453,2026-01-17T11:46:13Z,21,2026-01-17T11:45:30Z,3,2026-01-17T11:48:30Z,0.985528947368421
398.19305,2026-01-17T11:46:14Z,21.02,2026-01-17T11:45:30Z,3,2026-01-17T11:48:30Z,0.985528947368421
397.3912,2026-01-17T11:46:15Z,21.04,2026-01-17T11:45:30Z,3,2026-01-17T11:48:30Z,0.985528947368421
398.32404,2026-01-17T11:46:16Z,21.06,2026-01-17T11:45:30Z,3,2026-01-17T11:48:30Z,0.985528947368421
399.16971,2026-01-17T11:46:17Z,21.08,2026-01-17T11:45:30Z,3,2026-01-17T11:48:30Z,0.985528947368421
398.05011,2026-01-17T11:46:18Z,21.1,2026-01-17T11:45:30Z,3,2026-01-17T11:48:30Z,0.985528947368421
395.93561,2026-01-17T11:46:19Z,21.11,2026-01-17T11:45:30Z,3,2026-01-17T11:48:30Z,0.985528947368421
395.89505,2026-01-17T11:46:20Z,21.13,2026-01-17T11:45:30Z,3,2026-01-17T11:48:30Z,0.985528947368421
393.95132,2026-01-17T11:46:21Z,21.15,2026-01-17T11:45:30Z,3,2026-01-17T11:48:30Z,0.985528947368421
396.90396,2026-01-17T11:46:22Z,21.17,2026-01-17T11:45:30Z,3,2026-01-17T11:48:30Z,0.985528947368421
400.02875,2026-01-17T11:46:23Z,21.19,2026-01-17T11:45:30Z,3,2026-01-17T11:48:30Z,0.985528947368421
402.04947,2026-01-17T11:46:24Z,21.2,2026-01-17T11:45:30Z,3,2026-01-17T11:48:30Z,0.985528947368421
402.47256,2026-01-17T11:46:25Z,21.23,2026-01-17T11:45:30Z,3,2026-01-17T11:48:30Z,0.985528947368421
399.07184,2026-01-17T11:46:26Z,21.24,2026-01-17T11:45:30Z,3,2026-01-17T11:48:30Z,0.985528947368421
397.82428,2026-01-17T11:46:27Z,21.26,2026-01-17T11:45:30Z,3,2026-01-17T11:48:30Z,0.985528947368421
395.9064,2026-01-17T11:46:28Z,21.28,2026-01-17T11:45:30Z,3,2026-01-17T11:48:30Z,0.985528947368421
393.88885,2026-01-17T11:46:29Z,21.3,2026-01-17T11:45:30Z,3,2026-01-17T11:48:30Z,0.985528947368421
394.79849,2026-01-17T11:46:30Z,21.32,2026-01-17T11:45:30Z,3,2026-01-17T11:48:30Z,0.985528947368421
396.79474,2026-01-17T11:46:31Z,21.34,2026-01-17T11:45:30Z,3,2026-01-17T11:48:30Z,0.985528947368421
394.46021,2026-01-17T11:46:32Z,21.35,2026-01-17T11:45:30Z,3,2026-01-17T11:48:30Z,0.985528947368421
394.31439,2026-01-17T11:46:33Z,21.38,2026-01-17T11:45:30Z,3,2026-01-17T11:48:30Z,0.985528947368421
395.80151,2026-01-17T11:46:34Z,21.4,2026-01-17T11:45:30Z,3,2026-01-17T11:48:30Z,0.985528947368421
395.46423,2026-01-17T11:46:35Z,21.42,2026-01-17T11:45:30Z,3,2026-01-17T11:48:30Z,0.985528947368421
396.51236,2026-01-17T11:46:36Z,21.43,2026-01-17T11:45:30Z,3,2026-01-17T11:48:30Z,0.985528947368421
395.10757,2026-01-17T11:46:37Z,21.46,2026-01-17T11:45:30Z,3,2026-01-17T11:48:30Z,0.985528947368421
399.08197,2026-01-17T11:46:38Z,21.48,2026-01-17T11:45:30Z,3,2026-01-17T11:48:30Z,0.985528947368421
398.54404,2026-01-17T11:46:39Z,21.5,2026-01-17T11:45:30Z,3,2026-01-17T11:48:30Z,0.985528947368421
396.91486,2026-01-17T11:46:40Z,21.52,2026-01-17T11:45:30Z,3,2026-01-17T11:48:30Z,0.985528947368421
398.08154,2026-01-17T11:46:41Z,21.54,2026-01-17T11:45:30Z,3,2026-01-17T11:48:30Z,0.985528947368421
400.49142,2026-01-17T11:46:42Z,21.57,2026-01-17T11:45:30Z,3,2026-01-17T11:48:30Z,0.985528947368421
400.83627,2026-01-17T11:46:43Z,21.59,2026-01-17T11:45:30Z,3,2026-01-17T11:48:30Z,0.985528947368421
398.26962,2026-01-17T11:46:44Z,21.61,2026-01-17T11:45:30Z,3,2026-01-17T11:48:30Z,0.985528947368421
395.95166,2026-01-17T11:46:45Z,21.63,2026-01-17T11:45:30Z,3,2026-01-17T11:48:30Z,0.985528947368421
396.3869,2026-01-17T11:46:46Z,21.65,2026-01-17T11:45:30Z,3,2026-01-17T11:48:30Z,0.985528947368421
402.27216,2026-01-17T11:46:47Z,21.67,2026-01-17T11:45:30Z,3,2026-01-17T11:48:30Z,0.985528947368421
403.52823,2026-01-17T11:46:48Z,21.69,2026-01-17T11:45:30Z,3,2026-01-17T11:48:30Z,0.985528947368421
402.59766,2026-01-17T11:46:49Z,21.72,2026-01-17T11:45:30Z,3,2026-01-17T11:48:30Z,0.985528947368421
403.26227,2026-01-17T11:46:50Z,21.74,2026-01-17T11:45:30Z,3,2026-01-17T11:48:30Z,0.985528947368421
404.03854,2026-01-17T11:46:51Z,21.76,2026-01-17T11:45:30Z,3,2026-01-17T11:48:30Z,0.985528947368421
403.19962,2026-01-17T11:46:52Z,21.78,2026-01-17T11:45:30Z,3,2026-01-17T11:48:30Z,0.985528947368421
400.2753,2026-01-17T11:46:53Z,21.8,2026-01-17T11:45:30Z,3,2026-01-17T11:48:30Z,0.985528947368421
396.52496,2026-01-17T11:46:54Z,21.83,2026-01-17T11:45:30Z,3,2026-01-17T11:48:30Z,0.985528947368421
395.42432,2026-01-17T11:46:55Z,21.84,2026-01-17T11:45:30Z,3,2026-01-17T11:48:30Z,0.985528947368421
395.08649,2026-01-17T11:46:56Z,21.87,2026-01-17T11:45:30Z,3,2026-01-17T11:48:30Z,0.985528947368421
394.58688,2026-01-17T11:46:57Z,21.89,2026-01-17T11:45:30Z,3,2026-01-17T11:48:30Z,0.985528947368421
390.25677,2026-01-17T11:46:58Z,21.91,2026-01-17T11:45:30Z,3,2026-01-17T11:48:30Z,0.985528947368421
390.36813,2026-01-17T11:46:59Z,21.93,2026-01-17T11:45:30Z,3,2026-01-17T11:48:30Z,0.985528947368421
394.52921,2026-01-17T11:47:00Z,21.95,2026-01-17T11:45:30Z,3,2026-01-17T11:48:30Z,0.985528947368421
393.18143,2026-01-17T11:47:01Z,21.97,2026-01-17T11:45:30Z,3,2026-01-17T11:48:30Z,0.985528947368421
393.9122,2026-01-17T11:47:02Z,21.99,2026-01-17T11:45:30Z,3,2026-01-17T11:48:30Z,0.985528947368421
393.49362,2026-01-17T11:47:03Z,22.02,2026-01-17T11:45:30Z,3,2026-01-17T11:48:30Z,0.985528947368421
391.45511,2026-01-17T11:47:04Z,22.03,2026-01-17T11:45:30Z,3,2026-01-17T11:48:30Z,0.985528947368421
388.63699,2026-01-17T11:47:05Z,22.05,2026-01-17T11:45:30Z,3,2026-01-17T11:48:30Z,0.985528947368421
393.51859,2026-01-17T11:47:06Z,22.07,2026-01-17T11:45:30Z,3,2026-01-17T11:48:30Z,0.985528947368421
394.63678,2026-01-17T11:47:07Z,22.09,2026-01-17T11:45:30Z,3,2026-01-17T11:48:30Z,0.985528947368421
390.22928,2026-01-17T11:47:08Z,22.11,2026-01-17T11:45:30Z,3,2026-01-17T11:48:30Z,0.985528947368421
389.25134,2026-01-17T11:47:09Z,22.14,2026-01-17T11:45:30Z,3,2026-01-17T11:48:30Z,0.985528947368421
397.8848,2026-01-17T11:47:10Z,22.15,2026-01-17T11:45:30Z,3,2026-01-17T11:48:30Z,0.985528947368421
401.17258,2026-01-17T11:47:11Z,22.17,2026-01-17T11:45:30Z,3,2026-01-17T11:48:30Z,0.985528947368421
400.23602,2026-01-17T11:47:12Z,22.19,2026-01-17T11:45:30Z,3,2026-01-17T11:48:30Z,0.985528947368421
395.21887,2026-01-17T11:47:13Z,22.22,2026-01-17T11:45:30Z,3,2026-01-17T11:48:30Z,0.985528947368421
394.4332,2026-01-17T11:47:14Z,22.24,2026-01-17T11:45:30Z,3,2026-01-17T11:48:30Z,0.985528947368421
393.18594,2026-01-17T11:47:15Z,22.26,2026-01-17T11:45:30Z,3,2026-01-17T11:48:30Z,0.985528947368421
390.40182,2026-01-17T11:47:16Z,22.28,2026-01-17T11:45:30Z,3,2026-01-17T11:48:30Z,0.985528947368421
389.32651,2026-01-17T11:47:17Z,22.3,2026-01-17T11:45:30Z,3,2026-01-17T11:48:30Z,0.985528947368421
390.77023,2026-01-17T11:47:18Z,22.32,2026-01-17T11:45:30Z,3,2026-01-17T11:48:30Z,0.985528947368421
391.73349,2026-01-17T11:47:19Z,22.34,2026-01-17T11:45:30Z,3,2026-01-17T11:48:30Z,0.985528947368421
391.59076,2026-01-17T11:47:20Z,22.36,2026-01-17T11:45:30Z,3,2026-01-17T11:48:30Z,0.985528947368421
389.05032,2026-01-17T11:47:21Z,22.38,2026-01-17T11:45:30Z,3,2026-01-17T11:48:30Z,0.985528947368421
390.66226,2026-01-17T11:47:22Z,22.4,2026-01-17T11:45:30Z,3,2026-01-17T11:48:30Z,0.985528947368421
387.02036,2026-01-17T11:47:23Z,22.42,2026-01-17T11:45:30Z,3,2026-01-17T11:48:30Z,0.985528947368421
390.87509,2026-01-17T11:47:24Z,22.44,2026-01-17T11:45:30Z,3,2026-01-17T11:48:30Z,0.985528947368421
404.20041,2026-01-17T11:47:25Z,22.46,2026-01-17T11:45:30Z,3,2026-01-17T11:48:30Z,0.985528947368421
405.68665,2026-01-17T11:47:26Z,22.48,2026-01-17T11:45:30Z,3,2026-01-17T11:48:30Z,0.985528947368421
400.00189,2026-01-17T11:47:27Z,22.49,2026-01-17T11:45:30Z,3,2026-01-17T11:48:30Z,0.985528947368421
398.58716,2026-01-17T11:47:28Z,22.51,2026-01-17T11:45:30Z,3,2026-01-17T11:48:30Z,0.985528947368421
395.38715,2026-01-17T11:47:29Z,22.53,2026-01-17T11:45:30Z,3,2026-01-17T11:48:30Z,0.985528947368421
394.05734,2026-01-17T11:47:30Z,22.55,2026-01-17T11:45:30Z,3,2026-01-17T11:48:30Z,0.985528947368421
393.63797,2026-01-17T11:47:31Z,22.56,2026-01-17T11:45:30Z,3,2026-01-17T11:48:30Z,0.985528947368421
397.05252,2026-01-17T11:47:32Z,22.58,2026-01-17T11:45:30Z,3,2026-01-17T11:48:30Z,0.985528947368421
398.88943,2026-01-17T11:47:33Z,22.59,2026-01-17T11:45:30Z,3,2026-01-17T11:48:30Z,0.985528947368421
399.09998,2026-01-17T11:47:34Z,22.61,2026-01-17T11:45:30Z,3,2026-01-17T11:48:30Z,0.985528947368421
393.90671,2026-01-17T11:47:35Z,22.63,2026-01-17T11:45:30Z,3,2026-01-17T11:48:30Z,0.985528947368421
388.60172,2026-01-17T11:47:36Z,22.65,2026-01-17T11:45:30Z,3,2026-01-17T11:48:30Z,0.985528947368421
389.27438,2026-01-17T11:47:37Z,22.65,2026-01-17T11:45:30Z,3,2026-01-17T11:48:30Z,0.985528947368421
394.30057,2026-01-17T11:47:38Z,22.67,2026-01-17T11:45:30Z,3,2026-01-17T11:48:30Z,0.985528947368421
396.93951,2026-01-17T11:47:39Z,22.69,2026-01-17T11:45:30Z,3,2026-01-17T11:48:30Z,0.985528947368421
394.47034,2026-01-17T11:47:40Z,22.7,2026-01-17T11:45:30Z,3,2026-01-17T11:48:30Z,0.985528947368421
389.71362,2026-01-17T11:47:41Z,22.71,2026-01-17T11:45:30Z,3,2026-01-17T11:48:30Z,0.985528947368421
387.19916,2026-01-17T11:47:42Z,22.73,2026-01-17T11:45:30Z,3,2026-01-17T11:48:30Z,0.985528947368421
385.71973,2026-01-17T11:47:43Z,22.74,2026-01-17T11:45:30Z,3,2026-01-17T11:48:30Z,0.985528947368421
383.91299,2026-01-17T11:47:44Z,22.76,2026-01-17T11:45:30Z,3,2026-01-17T11:48:30Z,0.985528947368421
381.09039,2026-01-17T11:47:45Z,22.76,2026-01-17T11:45:30Z,3,2026-01-17T11:48:30Z,0.985528947368421
381.49255,2026-01-17T11:47:46Z,22.78,2026-01-17T11:45:30Z,3,2026-01-17T11:48:30Z,0.985528947368421
385.92841,2026-01-17T11:47:47Z,22.79,2026-01-17T11:45:30Z,3,2026-01-17T11:48:30Z,0.985528947368421
391.6597,2026-01-17T11:47:48Z,22.81,2026-01-17T11:45:30Z,3,2026-01-17T11:48:30Z,0.985528947368421
393.17334,2026-01-17T11:47:49Z,22.82,2026-01-17T11:45:30Z,3,2026-01-17T11:48:30Z,0.985528947368421
393.16782,2026-01-17T11:47:50Z,22.83,2026-01-17T11:45:30Z,3,2026-01-17T11:48:30Z,0.985528947368421
391.9765,2026-01-17T11:47:51Z,22.85,2026-01-17T11:45:30Z,3,2026-01-17T11:48:30Z,0.985528947368421
395.38245,2026-01-17T11:47:52Z,22.86,2026-01-17T11:45:30Z,3,2026-01-17T11:48:30Z,0.985528947368421
398.53207,2026-01-17T11:47:53Z,22.87,2026-01-17T11:45:30Z,3,2026-01-17T11:48:30Z,0.985528947368421
396.18771,2026-01-17T11:47:54Z,22.88,2026-01-17T11:45:30Z,3,2026-01-17T11:48:30Z,0.985528947368421
398.75192,2026-01-17T11:47:55Z,22.89,2026-01-17T11:45:30Z,3,2026-01-17T11:48:30Z,0.985528947368421
395.95255,2026-01-17T11:47:56Z,22.91,2026-01-17T11:45:30Z,3,2026-01-17T11:48:30Z,0.985528947368421
393.10596,2026-01-17T11:47:57Z,22.92,2026-01-17T11:45:30Z,3,2026-01-17T11:48:30Z,0.985528947368421
390.91751,2026-01-17T11:47:58Z,22.93,2026-01-17T11:45:30Z,3,2026-01-17T11:48:30Z,0.985528947368421
392.41013,2026-01-17T11:47:59Z,22.94,2026-01-17T11:45:30Z,3,2026-01-17T11:48:30Z,0.985528947368421
391.41901,2026-01-17T11:48:00Z,22.95,2026-01-17T11:45:30Z,3,2026-01-17T11:48:30Z,0.985528947368421
391.93912,2026-01-17T11:48:01Z,22.96,2026-01-17T11:45:30Z,3,2026-01-17T11:48:30Z,0.985528947368421
393.32874,2026-01-17T11:48:02Z,22.97,2026-01-17T11:45:30Z,3,2026-01-17T11:48:30Z,0.985528947368421
393.00928,2026-01-17T11:48:03Z,22.98,2026-01-17T11:45:30Z,3,2026-01-17T11:48:30Z,0.985528947368421
396.42084,2026-01-17T11:48:04Z,22.99,2026-01-17T11:45:30Z,3,2026-01-17T11:48:30Z,0.985528947368421
395.54782,2026-01-17T11:48:05Z,23,2026-01-17T11:45:30Z,3,2026-01-17T11:48:30Z,0.985528947368421
397.20963,2026-01-17T11:48:06Z,23.01,2026-01-17T11:45:30Z,3,2026-01-17T11:48:30Z,0.985528947368421
401.38562,2026-01-17T11:48:07Z,23.02,2026-01-17T11:45:30Z,3,2026-01-17T11:48:30Z,0.985528947368421
402.52466,2026-01-17T11:48:08Z,23.03,2026-01-17T11:45:30Z,3,2026-01-17T11:48:30Z,0.985528947368421
402.00955,2026-01-17T11:48:09Z,23.04,2026-01-17T11:45:30Z,3,2026-01-17T11:48:30Z,0.985528947368421
404.77408,2026-01-17T11:48:10Z,23.05,2026-01-17T11:45:30Z,3,2026-01-17T11:48:30Z,0.985528947368421
404.16644,2026-01-17T11:48:11Z,23.05,2026-01-17T11:45:30Z,3,2026-01-17T11:48:30Z,0.985528947368421
402.91013,2026-01-17T11:48:12Z,23.07,2026-01-17T11:45:30Z,3,2026-01-17T11:48:30Z,0.985528947368421
398.42926,2026-01-17T11:48:13Z,23.07,2026-01-17T11:45:30Z,3,2026-01-17T11:48:30Z,0.985528947368421
393.96277,2026-01-17T11:48:14Z,23.08,2026-01-17T11:45:30Z,3,2026-01-17T11:48:30Z,0.985528947368421
389.25821,2026-01-17T11:48:15Z,23.08,2026-01-17T11:45:30Z,3,2026-01-17T11:48:30Z,0.985528947368421
385.68283,2026-01-17T11:48:16Z,23.09,2026-01-17T11:45:30Z,3,2026-01-17T11:48:30Z,0.985528947368421
384.70596,2026-01-17T11:48:17Z,23.1,2026-01-17T11:45:30Z,3,2026-01-17T11:48:30Z,0.985528947368421
378.8493,2026-01-17T11:48:18Z,23.11,2026-01-17T11:45:30Z,3,2026-01-17T11:48:30Z,0.985528947368421
381.37793,2026-01-17T11:48:19Z,23.11,2026-01-17T11:45:30Z,3,2026-01-17T11:48:30Z,0.985528947368421
385.1496,2026-01-17T11:48:20Z,23.12,2026-01-17T11:45:30Z,3,2026-01-17T11:48:30Z,0.985528947368421
382.22769,2026-01-17T11:48:21Z,23.13,2026-01-17T11:45:30Z,3,2026-01-17T11:48:30Z,0.985528947368421
380.73444,2026-01-17T11:48:22Z,23.14,2026-01-17T11:45:30Z,3,2026-01-17T11:48:30Z,0.985528947368421
384.47318,2026-01-17T11:48:23Z,23.14,2026-01-17T11:45:30Z,3,2026-01-17T11:48:30Z,0.985528947368421
390.32574,2026-01-17T11:48:24Z,23.15,2026-01-17T11:45:30Z,3,2026-01-17T11:48:30Z,0.985528947368421
388.04135,2026-01-17T11:48:25Z,23.16,2026-01-17T11:45:30Z,3,2026-01-17T11:48:30Z,0.985528947368421
389.52487,2026-01-17T11:48:26Z,23.16,2026-01-17T11:45:30Z,3,2026-01-17T11:48:30Z,0.985528947368421
393.74707,2026-01-17T11:48:27Z,23.17,2026-01-17T11:45:30Z,3,2026-01-17T11:48:30Z,0.985528947368421
393.97128,2026-01-17T11:48:28Z,23.17,2026-01-17T11:45:30Z,3,2026-01-17T11:48:30Z,0.985528947368421
392.34985,2026-01-17T11:48:29Z,23.18,2026-01-17T11:45:30Z,3,2026-01-17T11:48:30Z,0.985528947368421
